752831837978886144,Snapchat: Peter_Whore
752806321951506432,Dortmund
752793415692222464,"Berlin, Deutschland"
752646694706286596,Berlin-Lichtenberg
752596470549868544,Deutschland
752586618331099136,Deutschland
752586147268857856,Blaustein
752556596547420160,Hannover
752540289739481088,"Stuttgart, Deutschland"
752520090512490496,"Köln, Deutschland"
752516518093680640,Deutschland
752507374511030272,"Dortmund, Deutschland"
752503646424801280,"Ingolstadt, Bayern"
752486282463436800,"Berlin, Deutschland"
752456387838504960,"Bayern, Deutschland"
752446301959315458,Berlin
752425001761071104,Germany
752425001681350656,"Würzburg, Germany"
752305162958540800,Welt
752276021186002947,"Stuttgart, Deutschland"
752253431314866176,Ammersee
752253307813584898,"Bonn, Nordrhein-Westfalen"
752253278554058754,Germany
752252666147905536,"Baden-Württemberg, Deutschland"
752251736203681796,Berlin
752231636129939457,"Sachsen, Deutschland"
752226138764763136,"Hamburg, Deutschland"
752223274357166080,Nordrhein-Westfalen
752223162096553984,"Rostock, Deutschland"
752215428072603648,"Bavaria, DE"
752207973867483136,"Niedersachsen, Deutschland"
752198294374408192,"Augsburg, Deutschland"
752168451196739584,"Dresden, Sachsen"
752129578940919808,Ficksburg
752068556506992642,"Baden-Württemberg, Deutschland"
751938774624571392,fick dich nico
751938735185551360,"Baden-Württemberg, Deutschland"
751898509947854848,"Dortmund, Deutschland"
751897437640519680,"Kleinmachnow, Deutschland"
751840017320972288,"Augsburg, Bayern"
751833599893176320,"München,Bayern"
751814007061876736,"Saarland, Deutschland"
751813664810889216,"Franken, Germany"
751768901046992896,"Dortmund, Deutschland"
751752831389097985,"Gießen, Deutschland"
751700813005946881,Bremen
751514239324528641,Germany
751511923154354176,Deutschland
751497139411361792,"Bayern, Deutschland"
751468551840694272,Pimkie
751463660753719296,"Bielefeld, Deutschland"
751459034516127744,"Rostock, Deutschland"
751445175289937920,"Wiesbaden, Germany"
751411619721252864,Nordrhein-Westfalen
751411202329341952,"Köln, Nordrhein-Westfalen"
751401261275025408,Deutschland
751392943286657024,"Köln, Deutschland"
751390989328195584,Frankfurt 
751390836831690752,"Karlsruhe, Baden-Württemberg"
751271503992270853,"Bielefeld, Deutschland"
751163152696573952,Deutschland
751162563795320832,"Sachsen, Deutschland"
751155903886491648,Siegen
751151814117101568,"Hamburg, Deutschland"
751151628791742464,"Oberhausen, Deutschland"
751149299464015872,Pfalz!
751148201466617856,"Mecklenburg-Vorpommern, Deutschland"
751145690349314048,"Marbella, Andalucía"
751144719456018432,Karlsruhe / München
751143708268134400,Frankfurt am Main
751143562688028672,"Oldenburg, Niedersachsen"
751143275155886080,"Oldenburg, Niedersachsen"
751143216238489600,Berlin
751143128044806144,
751143002568007681,
751142737165053953,Stadt ohne Fußball
751142573381681153,Germany / Old Europe
751142551063818240,"Oldenburg, Niedersachsen"
751142528930439168,Munich
751142428460118016,Cologne
751141685338443776,Deutschland
751135405509083136,"Köln, Deutschland"
751132161009446912,"Baden-Württemberg, Deutschland"
751120282820218880,Heidelberg
751004200331538433,"Neckarstadion, Württemberg"
750996907690983424,Germany
750967879072350208,#levi
750967029717434368,nudes in dm 
750961752062451712,e
750961417180876801,"Köln, Deutschland"
750836815968468992,"Hannover, Deutschland"
750819572048166912,Deutschland
750787677448966144,
750780757304565760,BREMEN
750767890316554240,Augsburg
750679725480169472,"Hessen, Deutschland"
750660384621748224,Berlin
750421948547629057,"Rostock, Deutschland"
750398193028960258,Deutschland
750363800843513856,Germany
750363456490991616,"Hamburg , Germany"
750361209036238849,Deutschland
750358194954928129,Clouds.
750332907311464449,"Magdeburg, Deutschland"
750305110505512960,"Hamburg, Deutschland"
750304981694251008,"Baden-Württemberg, Deutschland"
750282851288018944,"Stuttgart, Deutschland"
750069550008369152,"Thurgau, Schweiz"
750033761388130304,"Baden-Württemberg, Deutschland"
749970513418657792,Mülheim an der Ruhr
749930517445967872,"Berlin, Deutschland"
749764135580229633,Deutschland
749749776359587840,Nordrhein-Westfalen
749730012576813057,"Thurgau, Schweiz"
749729278980452352,"Heidelberg, Deutschland"
749723477029097472,Rheinland-Pfalz
749714893608280065,"Straubing, Deutschland"
749702613533356032,"Kiel, Schleswig-Holstein"
749695875862171648,"Düsseldorf, Germany"
749679899363962880,"Baden-Württemberg, Deutschland"
749664657275838465,"Berlin, Deutschland"
749579498073497601,STUTTGART
749563424040947712,"Thurgau, Schweiz"
749545643576885248,Darmstadt
